ETIQUETA,URL
Consultorio de La Acebeda,https://www.comunidad.madrid/centros/consultorio-acebeda
Consultorio de Ajalvir,https://www.comunidad.madrid/centros/consultorio-ajalvir
Consultorio de Alameda del Valle,https://www.comunidad.madrid/centros/consultorio-alameda-valle
Consultorio de El Álamo,https://www.comunidad.madrid/centros/consultorio-alamo
Consultorio de Aldea del Fresno,https://www.comunidad.madrid/centros/consultorio-aldea-fresno
Consultorio de Santo Domingo,https://www.comunidad.madrid/centros/consultorio-santo-domingo
Consultorio de Alpedrete,https://www.comunidad.madrid/centros/consultorio-alpedrete
Consultorio de Ambite,https://www.comunidad.madrid/centros/consultorio-ambite
Consultorio de Anchuelo,https://www.comunidad.madrid/centros/consultorio-anchuelo
Consultorio de La Poveda,https://www.comunidad.madrid/centros/consultorio-poveda
Consultorio de Arroyomolinos,https://www.comunidad.madrid/centros/consultorio-arroyomolinos
Consultorio de El Atazar,https://www.comunidad.madrid/centros/consultorio-atazar
Consultorio de Batres,https://www.comunidad.madrid/centros/consultorio-batres
Consultorio de Becerril de la Sierra,https://www.comunidad.madrid/centros/consultorio-becerril-sierra
Consultorio de Belmonte de Tajo,https://www.comunidad.madrid/centros/consultorio-belmonte-tajo
Consultorio de Berzosa del Lozoya,https://www.comunidad.madrid/centros/consultorio-berzosa-lozoya
Consultorio de El Berrueco,https://www.comunidad.madrid/centros/consultorio-berrueco
Consultorio de Infante Don Luis de Borbón,https://www.comunidad.madrid/centros/consultorio-infante-don-luis-borbon
Consultorio de Cerceda,https://www.comunidad.madrid/centros/consultorio-cerceda
Consultorio de Mataelpino,https://www.comunidad.madrid/centros/consultorio-mataelpino
Consultorio de El Boalo,https://www.comunidad.madrid/centros/consultorio-boalo
Consultorio de Braojos,https://www.comunidad.madrid/centros/consultorio-braojos
Consultorio de Brea de Tajo,https://www.comunidad.madrid/centros/consultorio-brea-tajo
Consultorio de Brunete,https://www.comunidad.madrid/centros/consultorio-brunete
Consultorio de Bustarviejo,https://www.comunidad.madrid/centros/consultorio-bustarviejo
Consultorio de Cabanillas de la Sierra,https://www.comunidad.madrid/centros/consultorio-cabanillas
Consultorio de Camarma de Esteruelas,https://www.comunidad.madrid/centros/consultorio-camarma-esteruelas
Consultorio de Canencia,https://www.comunidad.madrid/centros/consultorio-canencia
Consultorio de Carabaña,https://www.comunidad.madrid/centros/consultorio-carabana
Consultorio de Casarrubuelos,https://www.comunidad.madrid/centros/consultorio-casarrubuelos
Consultorio de Cenicientos,https://www.comunidad.madrid/centros/consultorio-cenicientos
Consultorio de Cervera de Buitrago,https://www.comunidad.madrid/centros/consultorio-cervera-buitrago
Consultorio de Cobeña,https://www.comunidad.madrid/centros/consultorio-cobena
Consultorio de Colmenar del Arroyo,https://www.comunidad.madrid/centros/consultorio-colmenar-arroyo
Consultorio de Colmenarejo,https://www.comunidad.madrid/centros/consultorio-colmenarejo
Consultorio de Collado Mediano,https://www.comunidad.madrid/centros/consultorio-collado-mediano
Consultorio de Corpa,https://www.comunidad.madrid/centros/consultorio-corpa
Consultorio de Coslada Estación,https://www.comunidad.madrid/centros/consultorio-coslada-estacion
Consultorio de Chapinería,https://www.comunidad.madrid/centros/consultorio-chapinería
Consultorio de Chinchón,https://www.comunidad.madrid/centros/consultorio-chinchon
Consultorio de Daganzo de Arriba,https://www.comunidad.madrid/centros/consultorio-daganzo
Consultorio de El Escorial,https://www.comunidad.madrid/centros/consultorio-escorial
Consultorio de Los Arroyos,https://www.comunidad.madrid/centros/consultorio-arroyos
Consultorio de Estremera,https://www.comunidad.madrid/centros/consultorio-estremera
Consultorio de Fresnedillas de la Oliva,https://www.comunidad.madrid/centros/consultorio-fresnedillas-oliva
Consultorio de Serracines,https://www.comunidad.madrid/centros/consultorio-serracines
Consultorio de Parque de Miraflores,https://www.comunidad.madrid/centros/consultorio-parque-miraflores
Consultorio de Fuente el Saz de Jarama,https://www.comunidad.madrid/centros/consultorio-fuente-saz-jarama
Consultorio de Fuentidueña de Tajo,https://www.comunidad.madrid/centros/consultorio-fuentiduena-tajo
Consultorio de Garganta de los Montes,https://www.comunidad.madrid/centros/consultorio-garganta-montes
Consultorio de El Cuadrón,https://www.comunidad.madrid/centros/consultorio-cuadron
Consultorio de Gargantilla del Lozoya,https://www.comunidad.madrid/centros/consultorio-gargantilla-lozoya
Consultorio de Pinilla de Buitrago,https://www.comunidad.madrid/centros/consultorio-pinilla-buitrago
Consultorio de Gascones,https://www.comunidad.madrid/centros/consultorio-gascones
Consultorio de Guadalix de la Sierra,https://www.comunidad.madrid/centros/consultorio-guadalix-sierra
Consultorio de La Hiruela,https://www.comunidad.madrid/centros/consultorio-hiruela
Consultorio de Aoslos,https://www.comunidad.madrid/centros/consultorio-aoslos
Consultorio de Horcajo de la Sierra,https://www.comunidad.madrid/centros/consultorio-horcajo-sierra
Consultorio de Horcajuelo de la Sierra,https://www.comunidad.madrid/centros/consultorio-horcajuelo-sierra
Consultorio de Hoyo de Manzanares,https://www.comunidad.madrid/centros/consultorio-hoyo-manzanares
Consultorio de Campohermoso,https://www.comunidad.madrid/centros/consultorio-campohermoso
Consultorio de Loeches,https://www.comunidad.madrid/centros/consultorio-loeches
Consultorio de Lozoya del Valle,https://www.comunidad.madrid/centros/consultorio-lozoya
Consultorio de Madarcos,https://www.comunidad.madrid/centros/consultorio-madarcos
Consultorio de Mingorrubio,https://www.comunidad.madrid/centros/consultorio-mingorrubio
Consultorio de Antonio Leyva,https://www.comunidad.madrid/centros/consultorio-antonio-leyva
Consultorio de Miraflores de la Sierra,https://www.comunidad.madrid/centros/consultorio-miraflores-sierra
Consultorio de Los Molinos,https://www.comunidad.madrid/centros/consultorio-molinos
Consultorio de Montejo de la Sierra,https://www.comunidad.madrid/centros/consultorio-montejo-sierra
Consultorio de Moraleja de Enmedio,https://www.comunidad.madrid/centros/consultorio-moraleja-enmedio
Consultorio de Moralzarzal,https://www.comunidad.madrid/centros/consultorio-moralzarzal
Consultorio de Morata de Tajuña,https://www.comunidad.madrid/centros/consultorio-morata-tajuna
Consultorio de Navacerrada,https://www.comunidad.madrid/centros/consultorio-navacerrada
Consultorio de Navalafuente,https://www.comunidad.madrid/centros/consultorio-navalafuente
Consultorio de Navalagamella,https://www.comunidad.madrid/centros/consultorio-navalagamella
Consultorio de Navarredonda,https://www.comunidad.madrid/centros/consultorio-navarredonda
Consultorio de San Mamés,https://www.comunidad.madrid/centros/consultorio-san-mames
Consultorio de Nuevo Baztán,https://www.comunidad.madrid/centros/consultorio-nuevo-baztan
Consultorio de Olmeda de las Fuentes,https://www.comunidad.madrid/centros/consultorio-olmeda-fuentes
Consultorio de Orusco de Tajuña,https://www.comunidad.madrid/centros/consultorio-orusco-tajuña
Consultorio de Belvis de Jarama,https://www.comunidad.madrid/centros/consultorio-belvis-jarama
Consultorio de Patones,https://www.comunidad.madrid/centros/consultorio-patones
Consultorio de Pedrezuela,https://www.comunidad.madrid/centros/consultorio-pedrezuela
Consultorio de Pelayos de la Presa,https://www.comunidad.madrid/centros/consultorio-pelayos-presa
Consultorio de Pezuela de las Torres,https://www.comunidad.madrid/centros/consultorio-pezuela-torres
Consultorio de Pinilla del Valle,https://www.comunidad.madrid/centros/consultorio-pinilla-valle
Consultorio de Piñuecar,https://www.comunidad.madrid/centros/consultorio-pinuecar
Consultorio de Gandullas,https://www.comunidad.madrid/centros/consultorio-gandullas
Consultorio de Pozuelo del Rey,https://www.comunidad.madrid/centros/consultorio-pozuelo-rey
Consultorio de Prádena del Rincón,https://www.comunidad.madrid/centros/consultorio-pradena-rincon
Consultorio de Puebla de la Sierra,https://www.comunidad.madrid/centros/consultorio-puebla-sierra
Consultorio de Quijorna,https://www.comunidad.madrid/centros/consultorio-quijorna
Consultorio de Oteruelo,https://www.comunidad.madrid/centros/consultorio-oteruelo
Consultorio de Redueña,https://www.comunidad.madrid/centros/consultorio-reduena
Consultorio de Ribatejada,https://www.comunidad.madrid/centros/consultorio-ribatejada
Consultorio de Robledillo de la Jara,https://www.comunidad.madrid/centros/consultorio-robledillo-jara
Consultorio de Robregordo,https://www.comunidad.madrid/centros/consultorio-robregordo
Consultorio de La Marazuela,https://www.comunidad.madrid/centros/consultorio-marazuela
Consultorio de Las Matas,https://www.comunidad.madrid/centros/consultorio-matas
Consultorio de Rozas de Puerto Real,https://www.comunidad.madrid/centros/consultorio-rozas-puerto-real
Consultorio de San Agustín de Guadalix,https://www.comunidad.madrid/centros/consultorio-san-agustin-guadalix
Consultorio de Navalespino,https://www.comunidad.madrid/centros/consultorio-navalespino
Consultorio de Sta. María de la Alameda - Estación,https://www.comunidad.madrid/centros/consultorio-santa-maria-alameda-estacion
Consultorio de Robledondo,https://www.comunidad.madrid/centros/consultorio-robledondo
Consultorio de Sta. María de la Alameda - Pueblo,https://www.comunidad.madrid/centros/consultorio-santa-ma-alameda-pueblo
Consultorio de Santorcaz,https://www.comunidad.madrid/centros/consultorio-santorcaz
Consultorio de Los Santos de la Humosa,https://www.comunidad.madrid/centros/consultorio-santos-humosa
Consultorio de La Serna del Monte,https://www.comunidad.madrid/centros/consultorio-serna-monte
Consultorio de Serranillos del Valle,https://www.comunidad.madrid/centros/consultorio-serranillos-valle
Consultorio de Sevilla la Nueva,https://www.comunidad.madrid/centros/consultorio-sevilla-nueva
Consultorio de Somosierra,https://www.comunidad.madrid/centros/consultorio-somosierra
Consultorio de Talamanca de Jarama,https://www.comunidad.madrid/centros/consultorio-talamanca
Consultorio de Tielmes,https://www.comunidad.madrid/centros/consultorio-tielmes
Consultorio de Titulcia,https://www.comunidad.madrid/centros/consultorio-titulcia
Consultorio de Torrejón de la Calzada,https://www.comunidad.madrid/centros/consultorio-torrejon-calzada
Consultorio de Torrejón de Velasco,https://www.comunidad.madrid/centros/consultorio-torrejon-velasco
Consultorio de Torremocha de Jarama,https://www.comunidad.madrid/centros/consultorio-torremocha
Consultorio de Valdaracete,https://www.comunidad.madrid/centros/consultorio-valdaracete
Consultorio de Valdeavero,https://www.comunidad.madrid/centros/consultorio-valdeavero
Consultorio de Valdelaguna,https://www.comunidad.madrid/centros/consultorio-valdelaguna
Consultorio de Valdemanco,https://www.comunidad.madrid/centros/consultorio-valdemanco
Consultorio de Valdemaqueda,https://www.comunidad.madrid/centros/consultorio-valdemaqueda
Consultorio de Valdemorillo,https://www.comunidad.madrid/centros/consultorio-valdemorillo
Consultorio de Alalpardo,https://www.comunidad.madrid/centros/consultorio-alalpardo
Consultorio de Valdeolmos,https://www.comunidad.madrid/centros/consultorio-valdeolmos
Consultorio de Valdepiélagos,https://www.comunidad.madrid/centros/consultorio-valdepielagos
Consultorio de Valdetorres de Jarama,https://www.comunidad.madrid/centros/consultorio-valdetorres-jarama
Consultorio de Valdilecha,https://www.comunidad.madrid/centros/consultorio-valdilecha
Consultorio de Valverde de Alcalá,https://www.comunidad.madrid/centros/consultorio-valverde-alcala
Consultorio de Velilla de San Antonio,https://www.comunidad.madrid/centros/consultorio-velilla-san-antonio
Consultorio de El Espartal,https://www.comunidad.madrid/centros/consultorio-espartal
Consultorio de El Vellón,https://www.comunidad.madrid/centros/consultorio-vellon
Consultorio de Cotos de Monterrey,https://www.comunidad.madrid/centros/consultorio-cotos-monterrey
Consultorio de Venturada,https://www.comunidad.madrid/centros/consultorio-venturada
Consultorio de Villaconejos,https://www.comunidad.madrid/centros/consultorio-villaconejos
Consultorio de Los Hueros,https://www.comunidad.madrid/centros/consultorio-hueros
Consultorio de Villalbilla,https://www.comunidad.madrid/centros/consultorio-villalbilla
Consultorio de Zulema,https://www.comunidad.madrid/centros/consultorio-zulema
Consultorio de Villamanrique de Tajo,https://www.comunidad.madrid/centros/consultorio-villamanrique-tajo
Consultorio de Villamanta,https://www.comunidad.madrid/centros/consultorio-villamanta
Consultorio de Villamantilla,https://www.comunidad.madrid/centros/consultorio-villamantilla
Consultorio de Villafranca del Castillo,https://www.comunidad.madrid/centros/consultorio-villafranca-castillo
Consultorio de Villanueva del Pardillo,https://www.comunidad.madrid/centros/consultorio-villanueva-pardillo
Consultorio de Villanueva de Perales,https://www.comunidad.madrid/centros/consultorio-villanueva-perales
Consultorio de Villar del Olmo,https://www.comunidad.madrid/centros/consultorio-villar-olmo
Consultorio de Villavieja del Lozoya,https://www.comunidad.madrid/centros/consultorio-villavieja-lozoya
Consultorio de Zarzalejo Estación,https://www.comunidad.madrid/centros/consultorio-zarzalejo-estacion
Consultorio de Zarzalejo Pueblo,https://www.comunidad.madrid/centros/consultorio-zarzalejo-pueblo
Consultorio de Lozoyuela,http://www.comunidad.madrid/centros/consultorio-lozoyuela
Consultorio de Sieteiglesias,https://www.comunidad.madrid/centros/consultorio-sieteiglesias
Consultorio de Navas de Buitrago,https://www.comunidad.madrid/centros/consultorio-navas-buitrago
Consultorio de Serrada de la Fuente,https://www.comunidad.madrid/centros/consultorio-serrada-fuente
Consultorio de Cinco Villas,https://www.comunidad.madrid/centros/consultorio-cincovillas
Consultorio de Paredes de Buitrago,https://www.comunidad.madrid/centros/consultorio-paredes-buitrago
Consultorio de Manjirón,https://www.comunidad.madrid/centros/consultorio-manjiron
Consultorio de Doctor Aguilar,https://www.comunidad.madrid/centros/consultorio-doctor-aguilar-cubas-sagra
